,Odds Ratio of ____ (95% CI),P-value
1,"0.65 (0.62, 0.69)",< 0.00001
2,"0.75 (0.71, 0.78)",< 0.00001
3,"1.32 (1.29, 1.36)",< 0.00001
8,"1.25 (1.22, 1.29)",< 0.00001
5,"1.24 (1.21, 1.27)",< 0.00001
0,"1.21 (1.18, 1.24)",< 0.00001
7,"0.89 (0.86, 0.92)",< 0.00001
9,"0.92 (0.89, 0.95)",< 0.00001
6,"0.94 (0.91, 0.97)",0.00014
4,"1.03 (1.0, 1.06)",0.04523
