,"0 (%, 95% CI, N)","1 (%, 95% CI, N)",P-value (Welch's T-test)
Non-Surgical Management,"2343.4 (1914.5 - 1914.5), 805.0","12729.7 (10313.5 - 10313.5), 382.0",< 0.00001
Immediate Appendectomy,"3057.0 (3019.2 - 3019.2), 11109.0","10960.1 (10627.6 - 10627.6), 2950.0",< 0.00001
Delayed Appendectomy,"5742.3 (4831.8 - 4831.8), 248.0","10719.4 (8990.4 - 8990.4), 107.0",< 0.00001
Return Emergency Appendectomy,"9554.3 (7984.2 - 7984.2), 128.0","20487.8 (16241.7 - 16241.7), 28.0",2e-05
P-value (ANOVA),< 0.00001,1e-05, 
