,Odds Ratio of ____ (95% CI),P-value
7,"0.23 (0.11, 0.35)",< 0.00001
3,"0.3 (0.18, 0.42)",< 0.00001
5,"0.36 (0.24, 0.48)",< 0.00001
9,"2.51 (2.4, 2.62)",< 0.00001
2,"0.44 (0.32, 0.57)",< 0.00001
6,"0.66 (0.54, 0.77)",< 0.00001
0,"0.81 (0.7, 0.92)",0.00027
8,"1.09 (0.97, 1.21)",0.14834
4,"1.09 (0.97, 1.2)",0.1575
1,"1.01 (0.89, 1.12)",0.91588
