,Odds Ratio of ____ (95% CI),P-value
7,"0.49 (0.32, 0.66)",< 0.00001
3,"0.55 (0.38, 0.72)",< 0.00001
2,"0.59 (0.43, 0.74)",< 0.00001
5,"0.58 (0.43, 0.74)",< 0.00001
9,"1.3 (1.17, 1.44)",0.00014
0,"0.79 (0.64, 0.93)",0.00124
4,"1.15 (0.99, 1.31)",0.08766
6,"0.9 (0.74, 1.05)",0.17375
8,"1.1 (0.94, 1.26)",0.2538
1,"1.04 (0.89, 1.2)",0.60073
