,Odds Ratio of ____ (95% CI),P-value
9,"0.76 (0.71, 0.82)",< 0.00001
7,"1.29 (1.24, 1.35)",< 0.00001
0,"1.26 (1.2, 1.31)",< 0.00001
3,"1.19 (1.14, 1.25)",< 0.00001
1,"0.85 (0.8, 0.91)",< 0.00001
5,"1.15 (1.09, 1.2)",< 0.00001
4,"0.9 (0.84, 0.96)",0.00038
2,"1.11 (1.05, 1.16)",0.00041
8,"0.99 (0.93, 1.05)",0.73428
6,"1.01 (0.95, 1.06)",0.78659
