,Odds Ratio of ____ (95% CI),P-value
3,"0.7 (0.67, 0.74)",< 0.00001
8,"0.77 (0.74, 0.8)",< 0.00001
2,"0.78 (0.74, 0.81)",< 0.00001
0,"0.92 (0.89, 0.95)",< 0.00001
5,"1.07 (1.04, 1.1)",1e-05
9,"1.05 (1.02, 1.09)",0.00145
1,"1.04 (1.01, 1.07)",0.02538
4,"0.97 (0.94, 1.0)",0.06627
7,"0.98 (0.95, 1.01)",0.13585
6,"1.0 (0.97, 1.03)",0.94777
