,Odds Ratio of ____ (95% CI),P-value
0,"1.23 (1.16, 1.31)",< 0.00001
8,"0.81 (0.74, 0.89)",< 0.00001
9,"0.85 (0.78, 0.92)",2e-05
2,"0.86 (0.79, 0.93)",5e-05
6,"1.16 (1.08, 1.23)",0.00015
1,"0.87 (0.8, 0.95)",0.00052
4,"0.92 (0.84, 0.99)",0.02833
3,"0.94 (0.87, 1.02)",0.12669
7,"0.95 (0.88, 1.03)",0.23099
5,"1.04 (0.96, 1.12)",0.32385
