,Odds Ratio of ____ (95% CI),P-value
7,"0.79 (0.76, 0.82)",< 0.00001
3,"0.8 (0.77, 0.83)",< 0.00001
2,"0.82 (0.79, 0.85)",< 0.00001
0,"1.13 (1.1, 1.16)",< 0.00001
9,"0.91 (0.88, 0.94)",< 0.00001
4,"1.09 (1.06, 1.12)",< 0.00001
6,"1.07 (1.04, 1.1)",< 0.00001
5,"0.98 (0.95, 1.01)",0.19064
1,"0.99 (0.96, 1.02)",0.40923
8,"0.99 (0.96, 1.02)",0.56343
