,Odds Ratio of ____ (95% CI),P-value
0,"1.21 (1.16, 1.26)",< 0.00001
1,"0.85 (0.8, 0.91)",< 0.00001
2,"1.08 (1.03, 1.14)",0.00318
4,"1.08 (1.02, 1.13)",0.00589
8,"0.95 (0.89, 1.0)",0.03346
7,"1.04 (0.98, 1.09)",0.17793
3,"1.03 (0.98, 1.08)",0.20909
6,"0.97 (0.92, 1.03)",0.30611
9,"1.02 (0.97, 1.08)",0.36142
5,"1.0 (0.95, 1.05)",0.93993
