,Odds Ratio of ____ (95% CI),P-value
7,"0.55 (0.47, 0.64)",< 0.00001
3,"0.57 (0.49, 0.66)",< 0.00001
5,"0.69 (0.61, 0.77)",< 0.00001
2,"0.83 (0.75, 0.91)",< 0.00001
9,"1.12 (1.04, 1.19)",0.00324
6,"0.89 (0.81, 0.97)",0.00446
1,"1.06 (0.99, 1.14)",0.12309
0,"0.95 (0.87, 1.02)",0.17466
4,"0.96 (0.88, 1.04)",0.36753
8,"1.02 (0.94, 1.1)",0.57142
