,Odds Ratio of ____ (95% CI),P-value
7,"0.56 (0.47, 0.64)",< 0.00001
3,"0.58 (0.49, 0.66)",< 0.00001
5,"0.69 (0.61, 0.77)",< 0.00001
2,"0.83 (0.75, 0.91)",< 0.00001
9,"1.12 (1.05, 1.2)",0.00305
6,"0.9 (0.82, 0.98)",0.00751
1,"1.06 (0.98, 1.14)",0.13599
0,"0.96 (0.88, 1.03)",0.2724
4,"0.96 (0.88, 1.04)",0.34946
8,"1.02 (0.94, 1.1)",0.58994
