,Odds Ratio of ____ (95% CI),P-value
2,"0.73 (0.67, 0.79)",< 0.00001
3,"0.77 (0.71, 0.83)",< 0.00001
8,"0.8 (0.74, 0.86)",< 0.00001
9,"1.09 (1.03, 1.15)",0.00461
6,"0.94 (0.88, 1.0)",0.05286
7,"0.95 (0.89, 1.01)",0.06956
1,"1.05 (0.99, 1.11)",0.10913
4,"0.97 (0.91, 1.03)",0.29326
0,"0.99 (0.93, 1.04)",0.62489
5,"1.0 (0.94, 1.06)",0.9328
