,Odds Ratio of ____ (95% CI),P-value
7,"0.79 (0.76, 0.81)",< 0.00001
3,"0.8 (0.77, 0.83)",< 0.00001
2,"0.81 (0.78, 0.84)",< 0.00001
0,"1.16 (1.13, 1.19)",< 0.00001
9,"0.89 (0.86, 0.92)",< 0.00001
4,"1.08 (1.05, 1.11)",< 0.00001
6,"1.07 (1.04, 1.1)",1e-05
8,"0.98 (0.95, 1.01)",0.2001
5,"0.98 (0.95, 1.01)",0.26284
1,"0.99 (0.96, 1.01)",0.30699
