,Odds Ratio of ____ (95% CI),P-value
2,"0.68 (0.54, 0.81)",< 0.00001
0,"0.75 (0.63, 0.88)",1e-05
8,"0.81 (0.68, 0.94)",0.00124
3,"0.83 (0.7, 0.96)",0.0063
4,"0.87 (0.73, 1.0)",0.0389
6,"0.89 (0.76, 1.03)",0.11104
9,"1.1 (0.97, 1.23)",0.14148
5,"1.1 (0.97, 1.23)",0.14396
1,"1.07 (0.93, 1.2)",0.33209
7,"0.99 (0.86, 1.13)",0.92703
