,Odds Ratio of ____ (95% CI),P-value
7,"0.36 (0.32, 0.41)",< 0.00001
3,"0.41 (0.36, 0.45)",< 0.00001
5,"0.52 (0.48, 0.56)",< 0.00001
2,"0.52 (0.48, 0.57)",< 0.00001
9,"1.67 (1.63, 1.71)",< 0.00001
6,"0.79 (0.75, 0.83)",< 0.00001
0,"0.84 (0.79, 0.88)",< 0.00001
1,"1.13 (1.09, 1.17)",< 0.00001
8,"1.05 (1.01, 1.09)",0.01235
4,"1.03 (0.99, 1.07)",0.10832
