,Odds Ratio of ____ (95% CI),P-value
8,"0.8 (0.77, 0.83)",< 0.00001
3,"0.85 (0.82, 0.88)",< 0.00001
2,"0.86 (0.83, 0.89)",< 0.00001
0,"1.16 (1.13, 1.19)",< 0.00001
6,"1.15 (1.12, 1.18)",< 0.00001
4,"0.92 (0.89, 0.95)",< 0.00001
7,"0.96 (0.93, 0.99)",0.00814
1,"0.98 (0.95, 1.01)",0.14143
5,"1.0 (0.97, 1.03)",0.93315
9,"1.0 (0.97, 1.03)",0.9626
