,Odds Ratio of ____ (95% CI),P-value
7,"0.73 (0.65, 0.8)",< 0.00001
0,"1.21 (1.14, 1.29)",< 0.00001
2,"0.83 (0.76, 0.9)",< 0.00001
1,"0.88 (0.8, 0.95)",0.00065
6,"1.12 (1.05, 1.2)",0.00281
3,"0.9 (0.82, 0.98)",0.00767
4,"1.09 (1.01, 1.16)",0.03307
5,"0.93 (0.86, 1.01)",0.06359
9,"0.97 (0.9, 1.05)",0.49364
8,"0.98 (0.91, 1.06)",0.69796
