,"Admitted (%, 95% CI, N)","Not Admitted (%, 95% CI, N)",P-value (Welch's T-test)
Immediate,"9105.8 (8889.4 - 8889.4), 5975.0", , 
Return Emergency,"25123.0 (19969.2 - 19969.2), 62.0","9341.3 (7534.3 - 7534.3), 108.0",< 0.00001
Delayed,"12303.6 (11277.3 - 11277.3), 400.0","3555.4 (2954.9 - 2954.9), 372.0",< 0.00001
No Surgery,"9385.0 (8919.1 - 8919.1), 1158.0","1567.3 (1269.6 - 1269.6), 676.0",< 0.00001
P-value (ANOVA),< 0.00001,< 0.00001, 
